Company name	City
Horton-Lane	Stockholm
Callahan and Sons	Barcelona
Maldonado, Young and Parks	Copenhagen
Perez, Rice and Patterson	Hamburg
Lawrence-Lopez	Manchester
Shah, Salazar and Williams	Brussels
Stewart Inc	Lisbon
Hansen LLC	Paris
Bailey, Harrell and Jackson	Manchester
Nelson-Fernandez	Barcelona
Graham-Cooper	Barcelona
Ryan-Moore	Copenhagen
Campbell, Collins and Perry	Manchester
Mason, Landry and Smith	Amsterdam
Young-Flores	Stockholm
Perez LLC	Brussels
Kelley, Jones and Kim	Paris
Romero PLC	Brussels
Warren Inc	Rome
Stevenson, Woods and Barajas	Rome
Morgan, Chen and Smith	Manchester
Berry, Vazquez and Gamble	Hamburg
Wagner, Tyler and Stafford	Berlin
Grimes-Weeks	Copenhagen
Rowe PLC	Lisbon
Carroll Inc	London
Smith, Gilbert and Henry	Copenhagen
Johnson-Alexander	Manchester
Martinez-Garcia	Stockholm
Cruz, Chen and Perez	Paris
Wallace, Gordon and Smith	Rome
Harrison, Scott and Collins	Amsterdam
Martinez-Patterson	Madrid
Lopez-Rose	London
Wilson, Harrell and Harvey	Stockholm
Murray-Velazquez	Lisbon
Tran Ltd	Rome
Johnson-Brown	Copenhagen
Rodriguez, Haynes and Payne	Barcelona
Cole PLC	Amsterdam
Reed, Perry and Valentine	Lisbon
Scott, Thomas and Romero	Madrid
Mccullough-Black	Berlin
Robertson-Curtis	Manchester
Mathews-Cooper	Manchester
Henderson-West	London
Wang, Morgan and Dougherty	Amsterdam
Weber-Ferguson	London
Guerra, Alexander and Petersen	Madrid
Garcia PLC	Amsterdam
Thornton Ltd	Manchester
Johnson, Fields and Ayers	Copenhagen
Lewis, Cooper and Kim	Stockholm
Cabrera, Hernandez and Schneider	Copenhagen
Nelson and Sons	Paris
Chen-Garrett	Stockholm
Shaw PLC	Brussels
Hoover, Sheppard and Patterson	Madrid
Griffith Ltd	Copenhagen
Farmer Inc	Manchester
Anderson-Robinson	London
Hahn Ltd	Barcelona
Freeman LLC	Lisbon
Nolan-Ramirez	Barcelona
Sellers-King	Hamburg
Wright Group	Berlin
Alvarado and Sons	Rome
Mendez-Caldwell	Lisbon
Wolf and Sons	Manchester
Smith-Miller	Hamburg
Stone, Scott and Ayala	Paris
Blankenship-Savage	Lisbon
Hansen, White and Simon	Madrid
Duncan PLC	Brussels
Clark-Perkins	Amsterdam
Cline PLC	Rome
Spence and Sons	Stockholm
Mcgee PLC	Stockholm
Weiss, Thompson and Grimes	Rome
Reed, Elliott and Jones	Amsterdam
Fernandez, Barker and Ward	Madrid
Moss LLC	Lisbon
Anderson-Owen	Barcelona
Griffin-Nelson	Stockholm
Martinez-Johnson	Amsterdam
Hutchinson, Mcguire and Combs	London
Harris Group	Stockholm
Moore-Baker	Hamburg
Kelley-Cannon	London
Smith Group	Madrid
Potter and Sons	Brussels
Downs Group	Manchester
Wagner-Jackson	Madrid
Wheeler-Rodriguez	London
Price, Hernandez and Martin	Brussels
Watts-Ward	Paris
Howard, Galloway and King	London
Vincent-Cruz	Paris
Bright-Nichols	London
Stevens Inc	Barcelona
Jackson-Whitehead	Lisbon
Owens LLC	Berlin
Harris-Smith	Hamburg
Romero Inc	Berlin
Ryan PLC	Amsterdam
Bowman, Trevino and Rush	Copenhagen
Clark-Christian	London
Murphy-Villegas	Manchester
Walls, James and Richards	London
King, Weiss and Estrada	Copenhagen
Oneal-Watson	Barcelona
Wagner and Sons	Lisbon
Haas LLC	Manchester
Morales and Sons	Madrid
Brown, Matthews and Huynh	Lisbon
Rivera Inc	Madrid
Tate Ltd	Rome
Ward-Ramirez	Lisbon
Roberts-Kirby	Hamburg
Howell-Contreras	Paris
Stout, Mcdowell and Taylor	Manchester
Simmons-Silva	Madrid
Hamilton Ltd	Lisbon
Johnson-Thompson	Barcelona
Hall-Gutierrez	Rome
Weeks-Johnson	Barcelona
Mclean, Collins and Watson	Lisbon
Harris-Baker	Stockholm
Weaver Ltd	Copenhagen
Perez Group	Brussels
Brown-Juarez	London
Henry, Lewis and Espinoza	London
Reilly-Williamson	Brussels
Smith, Jenkins and Fisher	Brussels
Fuentes-Mcfarland	Stockholm
Castaneda, Rodriguez and Johnson	Madrid
Steele Group	Paris
Donovan-Kelley	Hamburg
Taylor, Patrick and Daugherty	Madrid
Thomas LLC	Berlin
George Ltd	Berlin
Myers, Ruiz and Coleman	Stockholm
Harrington-Travis	Berlin
Ibarra-Jones	Rome
Phillips, Foster and Thomas	Hamburg
Hayes-Serrano	Amsterdam
Anderson, Owens and Pacheco	Hamburg
Moore PLC	Berlin
Ford-Mckinney	London
Martinez LLC	Barcelona
Knight, Lee and Weber	Stockholm
Greene, Rodriguez and Clark	Hamburg
Watkins, Diaz and Guzman	Stockholm
Romero LLC	Berlin
Munoz, Fox and Stewart	Manchester
Reynolds Ltd	Rome
Hunt Inc	Barcelona
Garcia Inc	Amsterdam
Salazar-Johns	Amsterdam
Harrison, Long and Green	Stockholm
Stafford-Schultz	Paris
Lewis and Sons	Copenhagen
Gordon, Bryant and Taylor	Berlin
Johnson, Nicholson and Armstrong	Paris
Duncan-Kirby	Rome
Miller, Flores and Andrews	Madrid
Moore-Brown	Brussels
Barr and Sons	Manchester
Allen, Jones and Le	Lisbon
Bradford-White	Paris
Frazier and Sons	Paris
Jones-Mendez	Brussels
Foster Ltd	Madrid
Avery-Shaw	Lisbon
Chan Ltd	Hamburg
Jones-Watkins	Copenhagen
Silva-Dyer	Lisbon
Bennett, Rocha and Mcdonald	Madrid
Gonzalez, Wilson and Bradley	Rome
Watkins Inc	Brussels
Thompson-Lane	Manchester
Salazar-Salazar	Hamburg
Campbell and Sons	Berlin
Trujillo-Baker	Lisbon
Tucker-Sullivan	Manchester
Medina-Holt	Copenhagen
Robinson, Buck and Rivers	Barcelona
Marquez, Small and Owen	Paris
Kent, Brown and Stone	Stockholm
Braun, Reid and Hall	Berlin
Wood-Sanchez	Madrid
Turner PLC	Brussels
Smith, Fuentes and Franklin	Madrid
Mooney PLC	Manchester
Smith, Whitney and Gray	Barcelona
Colon, Smith and Wong	Stockholm
Torres-Foster	Madrid
Clark-Bauer	Brussels
Murphy and Sons	Stockholm
Sanders-Dean	Amsterdam
Gonzalez, Jones and Gray	London
Fox-Silva	Madrid
Parker Ltd	Hamburg
Hubbard Ltd	Hamburg
Newton-Martin	Amsterdam
Rojas, Roberts and Walton	Copenhagen
Cooper PLC	Berlin
Golden, Yates and Mason	Manchester
Hall Group	Berlin
Ellis PLC	Barcelona
Campbell, Flores and Ellison	Barcelona
Phillips-Freeman	Barcelona
Henson-Potter	Stockholm
Choi, Barrera and Sims	Rome
Johnson-Turner	Rome
Davenport, Warner and Cole	Lisbon
Reid, Reyes and Travis	Amsterdam
Kerr-Gray	Copenhagen
Galloway Inc	Paris
Rios Ltd	Stockholm
Mcclain PLC	Barcelona
Gray and Sons	Berlin
Cooper, Moore and Martin	Amsterdam
Compton LLC	Rome
Roberts, Bullock and Wood	Lisbon
Wilson LLC	Lisbon
Rodriguez PLC	Madrid
Hall, Hester and Moore	Stockholm
Lamb-French	Stockholm
Thompson Ltd	Paris
Goodman, Robinson and Rose	Amsterdam
Brown-Stewart	Lisbon
Golden-Carter	Rome
Bailey Ltd	Manchester
Davis, Newton and Jimenez	Manchester
Pitts-Schmidt	Brussels
Huerta, Griffin and Jennings	Berlin
Beck-Ryan	Madrid
Cooper-Allen	Brussels
Harrison PLC	Stockholm
Yates and Sons	London
Gonzalez Ltd	Berlin
Cherry, Summers and Potter	Amsterdam
Flores-Fox	Berlin
Thompson, Maddox and Wilson	Lisbon
Santana, Casey and Anderson	Barcelona
Salinas, Grant and Rivera	Paris
Wheeler Group	Amsterdam
Benjamin, Brennan and Harris	Lisbon
Moore-Perry	Manchester
Mullins Group	Rome
Perry-Ho	Lisbon
Garcia and Sons	Stockholm
Wise-Mitchell	Amsterdam
Hudson Inc	Hamburg
Hernandez PLC	London
Lester Group	Amsterdam
Brown Group	Manchester
Johnson-Jennings	Copenhagen
Johnson and Sons	Berlin
Mitchell, Murphy and Miller	Amsterdam
Lee-Bishop	Amsterdam
Lambert, Coleman and Wright	Rome
Smith-Medina	Madrid
Hurley-Wells	London
Woods PLC	Madrid
Thornton, Rodriguez and Williams	Hamburg
Nelson-Mitchell	Berlin
Hensley, Hughes and Hopkins	Manchester
Hall-Kelley	Copenhagen
Carter-Price	Paris
James-Lewis	Amsterdam
Dorsey, Cox and Johnson	Brussels
Thompson, Davis and Church	Brussels
Gordon PLC	Stockholm
Pena-Myers	Berlin
Koch-Cole	London
Padilla-Rodriguez	Manchester
Abbott-Williams	Madrid
Johnson-Cook	London
Hood-Larson	Berlin
Martin-Salinas	Madrid
Espinoza LLC	Manchester
Thomas PLC	Stockholm
Payne LLC	Rome
Lang, Short and Brooks	Lisbon
Caldwell-Nelson	Copenhagen
Meyers-Parker	Rome
Hartman-Lawrence	Berlin
Lewis-Walker	Barcelona
Jones Inc	Stockholm
Finley LLC	Hamburg
Hawkins, Harris and Alexander	Paris
Weaver-Walker	Brussels
Murphy-Terry	Stockholm
Moore, Rogers and Peterson	Stockholm
Davis-Palmer	Copenhagen
Jacobs, Vargas and Smith	Hamburg
May Inc	Barcelona
Myers-Ortega	Paris
Gross, Bond and Joseph	Lisbon
Holmes-Wyatt	Copenhagen
Bennett, Perez and Williams	Rome
Bridges-Ross	Brussels
Burns Group	Lisbon
Adams Inc	Berlin
Hardy, Torres and Adams	Copenhagen
Gomez LLC	Barcelona
Garcia, Mckee and Weaver	Barcelona
Gillespie LLC	Hamburg
Taylor, Stewart and Carpenter	Barcelona
Gay-Powell	Amsterdam
Bauer, Hall and Anderson	Paris
Jones-Galvan	Copenhagen
Gonzalez, Stephens and Rivera	Copenhagen
Brooks, Davis and Bonilla	Paris
Mcclure-Wright	Lisbon
Bernard-Cruz	Brussels
Gomez, Norton and May	Rome
Ward, Andersen and Alexander	Paris
Jordan Group	Berlin
Martin Ltd	Brussels
Ochoa-Orozco	Copenhagen
Long, Cooper and Lang	Rome
Lane Inc	Rome
Liu-Collins	Manchester
Clark LLC	Madrid
Baker, Carr and Moore	Paris
Sandoval, Cabrera and Peterson	Lisbon
Snyder Group	Hamburg
Sanchez, Moore and Stephens	Copenhagen
Gregory-Bryant	Manchester
Steele and Sons	Paris
Young-Weber	Madrid
Richardson-Roberts	Stockholm
Mcbride and Sons	Berlin
Schultz, Mitchell and Cross	Stockholm
Wilson Ltd	Lisbon
Glass-Taylor	Hamburg
Davidson, Bowen and Reed	Madrid
Clark-Gutierrez	London
Blair Inc	Berlin
Jones Ltd	Rome
Lewis, Harris and Fernandez	Lisbon
Miranda LLC	Brussels
Dickson-Davis	Copenhagen
Hernandez LLC	Madrid
Nichols PLC	Paris
Thompson-Lloyd	Barcelona
Hill, Hall and Carroll	Rome
Shannon, Lester and Holder	Barcelona
Vaughan and Sons	Barcelona
Barrera LLC	Rome
Fuentes-Hahn	Barcelona
Richardson-Velasquez	Brussels
Elliott PLC	Paris
Davis, Edwards and Keller	Amsterdam
Kelley, Young and Cox	London
Ryan LLC	Copenhagen
Gray Ltd	Rome
Ryan-Robinson	Madrid
Brewer-Jones	Paris
Zimmerman-Decker	Lisbon
Lindsey-Smith	Amsterdam
Chung-Jacobson	Barcelona
Grimes, Washington and Morgan	Berlin
Howell, Hale and Dennis	Manchester
Camacho-Henry	Lisbon
Baldwin-Hunter	Copenhagen
Warren, Gray and Coleman	Madrid
Bernard Ltd	Madrid
Woods-Smith	Brussels
Mcgee Ltd	Rome
Williams, Hawkins and Obrien	Madrid
Roberts-Ortiz	Madrid
Brown, Pope and Hansen	Berlin
Lopez, Glass and Davis	Madrid
Lopez, Williams and Gardner	Madrid
Simmons Ltd	Copenhagen
Rogers, Klein and Kramer	Copenhagen
Gonzalez LLC	Amsterdam
Jones, Lee and Ortiz	Hamburg
Cummings-Rogers	London
Hawkins-York	Madrid
Duran-Turner	Stockholm
Alvarado-Black	Hamburg
Escobar PLC	Rome
Cameron, Lawson and Clay	Barcelona
Manning, Taylor and Garcia	Brussels
Gray-Ibarra	Stockholm
Stone, Norris and Castillo	London
Fitzgerald-Grant	Rome
Henderson-Cole	Berlin
Sanchez Ltd	Copenhagen
Carter-Greene	Rome
Banks, Edwards and Evans	Copenhagen
Kemp LLC	Paris
Gray, Brown and Bowers	Rome
Perez, Baker and Dean	Berlin
Gill-Myers	Stockholm
Flores, Carter and Braun	Madrid
Foley Ltd	Barcelona
Campbell, Mays and Ward	Barcelona
Harrison-Gibbs	Madrid
Hensley, Jones and Pena	Berlin
Jefferson, Crane and Myers	Stockholm
Bradley, Davis and Ward	Berlin
Brooks, Morris and Shepard	Madrid
Marquez Inc	Copenhagen
May LLC	Berlin
Nguyen, Adams and Moody	Amsterdam
Sparks-Smith	London
Wilkins, Allen and Sloan	Lisbon
Parker, Saunders and Parker	Berlin
Carpenter Ltd	Brussels
Miller Ltd	Barcelona
Morris, Booth and Villanueva	Paris
Fletcher, Meadows and Rodriguez	Amsterdam
Wheeler-Pacheco	Rome
Edwards, Zavala and Flowers	Copenhagen
Jensen, Camacho and Oliver	Stockholm
Benitez LLC	Amsterdam
Moore-Barton	Berlin
Sutton-Ellis	Stockholm
Morris, Harris and Smith	Lisbon
Wheeler, Chambers and Lane	Amsterdam
Galloway-Mills	Brussels
Henry, Rosario and Luna	Rome
Wright-Gaines	Madrid
Wells-Ortiz	Amsterdam
Moore PLC	Brussels
Carter, Collins and Williams	Lisbon
Cummings, Boone and Johnson	Amsterdam
Hughes, Berry and Hamilton	Stockholm
Adams, Moore and Moreno	Manchester
Brown, Hill and Ramirez	Copenhagen
Whitney, Harris and White	Barcelona
Jackson and Sons	Manchester
Hill Group	Rome
Harper-Cox	Berlin
Garcia-Moran	Amsterdam
Thomas, Dawson and Morales	Hamburg
Tucker, Graham and White	Brussels
Martinez and Sons	Rome
Butler-Fisher	Manchester
Ellis, Hansen and Combs	Rome
Farley, Gould and Davis	Brussels
Johnson Ltd	Stockholm
Lester-Dixon	Amsterdam
Gilbert, Moore and Archer	London
Cooper, Reid and Irwin	Paris
Jordan-Ford	Hamburg
Peterson, Anderson and Shaw	Madrid
Davis, Ramirez and Lee	Copenhagen
Cross-Smith	Rome
Yang and Sons	Berlin
Williams, Andrews and Mitchell	Paris
Stephenson Ltd	Barcelona
Dawson PLC	Manchester
Glover-Reid	Paris
Bell, Mendoza and Thompson	Manchester
Thompson Inc	Barcelona
Gomez-Miller	Amsterdam
Lee-Watson	London
Johnson Group	Madrid
Ramirez, Smith and Douglas	Brussels
Wright LLC	Berlin
Beltran Ltd	Stockholm
Gomez Inc	London
Williams-Miller	London
Pham Ltd	Madrid
Hudson LLC	Barcelona
Jensen Inc	Berlin
Barber Inc	Barcelona
Gonzalez, Black and Wolf	Lisbon
Wright-Jones	Madrid
Haynes-Harrington	Brussels
Cuevas Group	Manchester
Reyes, Abbott and Johnston	Rome
Fowler-Rowland	Brussels
Maddox-Peters	Rome
Perry Group	Lisbon
Lopez-Bean	Copenhagen
Jenkins-Hill	Copenhagen
Brown and Sons	Copenhagen
Jones Inc	Copenhagen
Haynes-Gibson	London
Burke PLC	Paris
Roberson-Lopez	Madrid
Washington, Cruz and Robinson	Lisbon
Rogers, Vargas and Stewart	London
Chambers Ltd	London
Bentley Ltd	Stockholm
Douglas, Ryan and Hardin	Lisbon
Mullen-Carlson	Stockholm
Doyle-Taylor	Rome
Rivas-Graves	Barcelona
Scott Ltd	Madrid
Williams and Sons	Berlin
Martinez PLC	Brussels
Gomez Ltd	Copenhagen
Mcdonald, Gross and Carlson	Amsterdam
Snyder-Carey	London
Lynch, Hobbs and Flowers	Amsterdam
Thompson Group	Rome
Lopez, Rodriguez and Lane	Manchester
Moreno Ltd	Brussels
Ramirez LLC	Berlin
Henry and Sons	Stockholm
Burns Group	Lisbon
Martin, Macias and Gonzalez	Stockholm
Frank LLC	Manchester
Oneal, Turner and Marshall	Rome
Knight Group	Hamburg
Wright-Chapman	Berlin
Garcia, Kelly and Bender	London
Garcia Inc	Barcelona
Griffin-Webb	Manchester
George, Hanson and Holloway	Stockholm
Wood, Montgomery and Taylor	Brussels
Jones-Adams	Rome
Long Inc	Copenhagen
Beard, Holder and Mathis	Paris
Wood Ltd	London
Mcmahon-Simmons	Hamburg
Wilson-Robbins	Amsterdam
Garcia, Walton and Sanders	Stockholm
Thomas Ltd	London
Hatfield, Cox and Moreno	Madrid
Holmes-Castro	Brussels
Parker, Jones and Stevenson	Brussels
Martinez LLC	Brussels
Norris, Long and Howell	London
Wilson Ltd	Rome
Buckley, Washington and Guzman	Copenhagen
Allen LLC	Brussels
Pitts Group	Rome
Jones-Esparza	Hamburg
Taylor-Wheeler	Stockholm
Bolton Group	Copenhagen
Fowler, Logan and Roberts	Rome
Lee, Allen and Gallagher	Berlin
Roberts-Curtis	London
Gallagher Ltd	Copenhagen
Wilcox-Williams	Manchester
Walker-Chambers	Rome
Graham PLC	Amsterdam
Baldwin-Wall	Barcelona
Singh PLC	Berlin
Gutierrez-Chandler	Rome
Holland-Eaton	Amsterdam
Rosario-Bishop	Lisbon
Li Ltd	Rome
Hernandez Ltd	Berlin
Lopez PLC	Rome
Ruiz-Stone	Lisbon
Shea, Davenport and Campbell	Copenhagen
Kirk, Brown and Wood	Madrid
Jones-Cruz	Hamburg
Garcia-Sellers	Madrid
Gray PLC	Amsterdam
Smith-Colon	Paris
Lawson, Davis and Hamilton	Stockholm
Madden PLC	Rome
Hardy LLC	Manchester
Walker-Mcintosh	Copenhagen
Hamilton-Pratt	Amsterdam
Johnson-Harvey	Barcelona
Jensen, Terrell and Perkins	Barcelona
Kline Group	Lisbon
Rogers, Carter and Hood	Lisbon
Clark-Diaz	Brussels
Warren, James and Barrett	London
Riddle-Pennington	Berlin
Meadows, Cunningham and Long	Hamburg
Alvarez Group	Rome
Carter Inc	Barcelona
Wagner, Garza and Armstrong	Copenhagen
Riddle, Parker and Ford	Copenhagen
Hicks-Murray	Copenhagen
Gilbert LLC	Manchester
Bates-Hines	Paris
Anderson Group	Stockholm
Joseph-Odonnell	Copenhagen
Aguirre, Gomez and Miller	Amsterdam
Luna-Andrade	Brussels
Ferguson, Li and Montgomery	Barcelona
Sanchez, Finley and Garcia	Copenhagen
Turner, Weiss and Davis	Amsterdam
Armstrong-Ortega	Hamburg
Mitchell Ltd	Berlin
Silva Ltd	Brussels
Butler Group	Copenhagen
Banks, Cooper and Smith	Hamburg
Hunt Inc	Stockholm
Williams PLC	Paris
Hill, Davies and Perez	Amsterdam
Jones, Johnson and Mcdaniel	Manchester
Mclean, Smith and Fuentes	Copenhagen
Jones-Flores	Amsterdam
Weeks, Robertson and Garcia	Lisbon
Anderson, Robbins and Craig	Rome
Day, Roth and Young	Stockholm
Jimenez PLC	Lisbon
Hall, Adams and Mathews	Berlin
Jones-Ramos	Barcelona
Henderson, Miller and Cordova	Paris
Williams-Richmond	Lisbon
Figueroa-Ward	Stockholm
Kent Ltd	Brussels
King, Robinson and Wallace	Lisbon
Garrison, Hill and Simmons	Rome
Moore and Sons	Barcelona
Reed Group	Barcelona
Robles-Bass	Paris
Peterson, Olson and Phillips	Brussels
Vasquez, Avery and Myers	Hamburg
Calhoun-Richards	Brussels
Burgess, Ramirez and Robinson	Rome
Alexander, Harris and Norris	Copenhagen
Martin Inc	Copenhagen
Blair-Hernandez	Copenhagen
Kramer and Sons	London
Allen, Powell and Murray	Madrid
Hampton PLC	Barcelona
Rodriguez-Sanders	Barcelona
Williams, Gross and Pena	Amsterdam
Knight-Dunn	Stockholm
Hernandez-Farmer	Berlin
Chen-Williams	Barcelona
Evans-Gardner	Lisbon
Archer Group	Lisbon
Garza, Sanchez and Ortiz	Berlin
Smith, Lopez and Marshall	Madrid
Lopez PLC	Copenhagen
Lyons-Hoffman	Amsterdam
Evans, Cox and Hart	Madrid
Coleman, Barnes and Armstrong	Stockholm
Valencia, Lutz and Baker	Barcelona
Peterson-Steele	Amsterdam
Collins Inc	Manchester
Mullins Ltd	Brussels
Gray Ltd	Madrid
Gibson, Powers and Palmer	Hamburg
Beck Group	Paris
Lane-Kim	Stockholm
Benson, Gardner and Thompson	Manchester
Gardner, Stephenson and Dalton	Hamburg
Tran-Marquez	London
Montoya-Combs	Amsterdam
Malone, Bradford and House	Berlin
Jenkins, Kelley and White	Brussels
Aguilar PLC	Brussels
Hall, Harris and Stout	Madrid
Cox and Sons	Hamburg
Morgan Inc	Stockholm
Reed PLC	Rome
Hines Group	Berlin
Lucas, Jimenez and Gomez	Manchester
Nicholson Group	Stockholm
Espinoza Ltd	Copenhagen
Ramirez and Sons	Lisbon
Walter-Wood	Paris
Valdez-Weber	Hamburg
Christensen LLC	Brussels
Figueroa-Oconnell	Amsterdam
Clark, Miller and Green	Stockholm
Woods-Long	Stockholm
Charles-Best	Berlin
Frazier-Rodriguez	Berlin
Sanchez-Dominguez	Lisbon
Ortiz, Rodriguez and Oconnor	London
Bailey Group	Berlin
Walker-Smith	Stockholm
Scott-Meyer	Madrid
Young Group	Madrid
Cabrera PLC	London
Beasley, Holmes and Malone	Manchester
Stephens Group	Manchester
Castro-Schmidt	Berlin
Smith-Williams	Hamburg
Smith-Logan	Manchester
Cunningham, Jones and Porter	Stockholm
Foster-Lawson	Amsterdam
Williams-Hansen	Lisbon
Kelley, Knight and Pearson	Madrid
Booth, Long and Fletcher	Copenhagen
Chavez, Kim and Watson	Manchester
Lucas PLC	Hamburg
Nguyen LLC	Paris
Johnson-Zimmerman	Brussels
Ortiz, Nelson and Porter	Stockholm
Garcia-Butler	Paris
Davis Group	London
Thomas Group	Amsterdam
Ferguson, Moore and Dawson	Amsterdam
Gray-Clark	Brussels
Bass Ltd	London
Warren, Mckinney and Powell	Stockholm
Bright-Luna	Rome
Reed PLC	London
Harris PLC	Lisbon
Wallace-Nelson	Brussels
Jones, Brown and Carroll	Madrid
Duran-Perez	Barcelona
Hughes and Sons	Amsterdam
Salinas PLC	Rome
Smith and Sons	Hamburg
West, Robbins and Walsh	Madrid
Chapman LLC	Madrid
Clark-Sanchez	Madrid
Curtis, Williams and Cook	Madrid
Davis, Gomez and Rodriguez	Amsterdam
Sanford-Parker	Copenhagen
Lewis-Cook	Manchester
Hayes, Green and Chapman	Manchester
Williamson-Garrison	Madrid
Humphrey, Rivera and Nichols	Hamburg
Barrera-Rocha	Manchester
Costa PLC	London
Fox, Winters and Mendoza	Berlin
Robertson, Gutierrez and Taylor	Madrid
Meadows, Whitney and Jacobs	London
Adkins, Bryant and Adams	London
Diaz, Marshall and Turner	Barcelona
Adams Inc	Madrid
Williams, Roy and Giles	Amsterdam
Mullins Group	Brussels
Nolan-Soto	Manchester
King Ltd	Amsterdam
Sellers, Ferguson and Parsons	Stockholm
Morales Ltd	Madrid
Moore, Jones and Lloyd	Stockholm
Mcmillan, Foster and Mendez	Berlin
Williams-Rivera	Copenhagen
Johnson-Williams	Lisbon
Ramsey Group	Lisbon
Hunter-Mills	Stockholm
Austin and Sons	Brussels
Stanley and Sons	London
Sandoval, Stuart and Hale	Rome
Jones and Sons	Paris
Maynard LLC	Lisbon
Blair-Rivera	Rome
Carter-Jackson	Hamburg
Montes, Nelson and Sawyer	Lisbon
Hunt Ltd	Berlin
Austin-Singleton	Paris
Jordan Group	Hamburg
Nash-Mckinney	Madrid
Garcia, Butler and Singleton	Hamburg
Escobar-Harrell	Manchester
Morton-Perez	Amsterdam
Wilkerson Inc	Rome
Munoz PLC	London
Meyer-Craig	Manchester
Mccarthy, Harris and Kemp	Rome
Johnson, Barnett and Lucas	Madrid
Garcia, Leon and Thompson	Paris
Williamson-Garcia	Manchester
Gamble-Mendez	Manchester
Ward-Duarte	Berlin
Rush Group	Madrid
Brown LLC	Berlin
Martin, Dennis and Bell	Copenhagen
Valentine LLC	Manchester
Wilson, Martinez and Saunders	Lisbon
Mays LLC	Brussels
Hampton and Sons	Barcelona
Torres and Sons	Brussels
Garrison, Nelson and Smith	Copenhagen
Park-Turner	Lisbon
Smith, Ward and Ortiz	Manchester
Smith, Johnson and Beltran	Brussels
Huerta, Jones and Banks	Barcelona
Diaz-Parker	Stockholm
Coleman-Walker	Berlin
Myers-Meyer	Copenhagen
Perez, Davidson and Palmer	Hamburg
Roberts and Sons	Rome
Jenkins PLC	Copenhagen
Woodard Inc	Lisbon
Robertson Group	Lisbon
Taylor Ltd	London
Ray-Jones	Lisbon
Robbins, Cook and Gilmore	Rome
Bruce-Hill	Manchester
Hodge LLC	Berlin
Ferguson, Clarke and Osborn	Berlin
Johnston PLC	Lisbon
Todd-Watts	Rome
Reyes-Smith	Amsterdam
Brown, Moreno and Rosario	Copenhagen
Holland, Mitchell and Hess	Barcelona
Brown Ltd	Copenhagen
Brown, Wallace and Davis	Paris
Martinez, Owen and Hall	Stockholm
Allen, Guzman and Thomas	Hamburg
Chavez, Faulkner and Garcia	Paris
Thomas Ltd	London
Hickman-Robinson	Lisbon
Gilbert-Little	Rome
Camacho, Simmons and Orr	Stockholm
Robinson and Sons	Rome
Gonzalez, Chang and Kerr	Brussels
Baldwin-Pennington	Manchester
Beck Inc	Manchester
Wells, Haynes and Perkins	Barcelona
Elliott-Myers	Berlin
Richard Ltd	Madrid
Downs, Roberts and Marshall	Manchester
Avila PLC	Amsterdam
Santos LLC	London
Smith-Malone	Rome
Sanchez and Sons	Lisbon
Snow-Thomas	Hamburg
Stone, Carey and Jones	Hamburg
Cameron-Noble	Manchester
Moore and Sons	Hamburg
Morgan, Robinson and Chapman	Lisbon
Farrell-Townsend	London
Porter, Mahoney and Bradley	Hamburg
Hall Inc	Berlin
Caldwell and Sons	Lisbon
Jimenez LLC	Stockholm
Anderson-Delgado	Amsterdam
Simmons LLC	Berlin
Kerr, Kaufman and Hayden	Barcelona
Campbell, Brooks and Perez	London
Fisher-Lewis	Rome
Vargas, Tucker and Waters	Manchester
Lewis Group	Paris
Mitchell-Fry	Lisbon
Williams, Campbell and Cline	Rome
Jackson-Patterson	Madrid
Booth, Nguyen and Jenkins	Rome
Arnold, Wilson and Skinner	London
Kemp-Schmidt	Barcelona
Kent and Sons	Manchester
Perry, King and Berry	Paris
Russell Inc	Rome
Kemp, Jacobs and Hartman	Hamburg
Salazar, Martin and Johnson	Barcelona
Manning-Martin	Amsterdam
Johnson, Torres and Whitaker	Stockholm
Morris Inc	Rome
Bass-Nixon	Amsterdam
Michael, Willis and Cline	Madrid
Mcbride, Benson and Williams	Hamburg
Brown Ltd	Paris
Mullins Inc	Amsterdam
Wang-Bryan	Stockholm
Moreno, Holt and Lin	London
Jones, Lambert and Baldwin	Paris
Liu-Johns	Lisbon
Keller, Perry and Thomas	Copenhagen
Mccarthy, Wade and Cardenas	Berlin
Wilson Inc	Lisbon
Jones, Reilly and Lozano	Barcelona
Reese, Garcia and Willis	Rome
Pierce PLC	Berlin
Thompson-Barnett	Paris
Ayala-Sherman	Manchester
Love-Hall	Hamburg
Wallace-Hernandez	Lisbon
Rogers and Sons	Barcelona
Chung-Clark	Amsterdam
Serrano, Crawford and Sosa	Paris
Bates, Hernandez and Harris	Paris
King-Schmidt	Copenhagen
Banks, Fitzgerald and Garcia	Copenhagen
Mccormick Inc	Barcelona
Johnson Group	Berlin
Brown Group	Berlin
Miller, Alvarado and Le	Manchester
Cameron Group	Hamburg
Miller-Edwards	Madrid
Ford-Alexander	Amsterdam
Martin Ltd	Madrid
Smith LLC	Barcelona
Rocha-Miller	Copenhagen
Peck, Stone and Hernandez	Copenhagen
Mcdonald LLC	Rome
Herrera, Parker and Parker	Copenhagen
Malone PLC	Stockholm
Hardy, Cobb and Gaines	London
Cole, Allen and White	Brussels
Pitts-Duncan	Amsterdam
Torres PLC	Paris
Jarvis and Sons	Hamburg
Young, Little and Norris	Copenhagen
Kim PLC	Paris
Lopez, Scott and Cortez	Stockholm
Miller, Fitzpatrick and Mcclain	Hamburg
Wong-Mcdonald	Berlin
Ray LLC	Brussels
Shah-Patton	Berlin
Knight, Chapman and Williams	Lisbon
Rogers, Burns and Brock	Berlin
Thomas Ltd	Berlin
Hunt, Graham and Martinez	London
Hart Group	Stockholm
Wade-Miller	Stockholm
House, Rose and Kelly	Amsterdam
Brown, Sherman and Daugherty	Lisbon
Garcia PLC	Rome
Dodson-Cox	Amsterdam
Dawson, Collins and Gonzales	Rome
Shepherd and Sons	Lisbon
Rivera, Conley and Brown	London
Jackson, Patterson and Smith	Copenhagen
Rangel Inc	Berlin
Hart LLC	Copenhagen
Anderson Inc	Paris
Robertson Ltd	Madrid
Castillo, Flores and Banks	Copenhagen
Flores, Calderon and Tyler	London
Kaiser Inc	Lisbon
Adams-White	Barcelona
Lee-Wallace	Madrid
Farley, Thomas and Anderson	Copenhagen
Horton, Strickland and Cooper	Stockholm
Gomez LLC	Paris
Howard, Love and Ryan	Berlin
Vargas, Mitchell and Lee	Paris
Smith, Graham and Kelly	Berlin
Hobbs-Miller	Rome
Schwartz Ltd	Lisbon
Smith, Smith and Williams	Berlin
Johnson-Mitchell	Berlin
Montgomery-Walters	Rome
Baker, Becker and Morales	Lisbon
Palmer, Henson and Duncan	Amsterdam
Gonzalez-Hill	Copenhagen
Clark-Campbell	Paris
Hall-Ellis	Manchester
Marshall-Murray	Manchester
King-Kelly	Rome
Ochoa, Howard and Hayes	Manchester
King-Hensley	Amsterdam
Martin-Bryant	Paris
Russo PLC	Rome
Flores LLC	Hamburg
Myers, Ross and Thompson	Paris
Mcknight, Young and Rivera	Stockholm
Taylor LLC	Madrid
Mendoza-Anderson	Hamburg
Kaiser, Ramirez and Colon	Madrid
Bowen-Smith	Copenhagen
Ward PLC	Berlin
Bradley, Allen and Davis	Manchester
James Inc	Madrid
Lee, Lopez and Weeks	Stockholm
Williams LLC	Paris
Hunter-Wallace	Copenhagen
Rodriguez-Allen	Brussels
Perez Ltd	Copenhagen
Swanson Ltd	Berlin
Ford, Johnson and Pierce	Copenhagen
Jones-Smith	Barcelona
Clay-Sutton	Amsterdam
Sosa, Morgan and Decker	Copenhagen
Vance PLC	Rome
Carter, Jensen and White	Barcelona
Escobar, Ortega and Cunningham	Hamburg
Larson Inc	Copenhagen
Greene and Sons	Berlin
Rivas, Thompson and Hall	Manchester
Simmons, Wilson and Rogers	Manchester
Johnson-Mack	Berlin
Gutierrez Inc	Rome
Petersen-Young	Stockholm
Thomas, Mcdonald and Flores	Brussels
Gillespie, Martinez and Carroll	Copenhagen
Hill, Nicholson and Taylor	Paris
Taylor-Martin	Lisbon
Schmidt, Arnold and Brown	Rome
Huffman, Carrillo and Morales	London
Davis-Kane	Stockholm
Perez PLC	Manchester
Neal, Ramos and Patterson	Paris
Nelson-Smith	Berlin
Long, Cantu and Campbell	Hamburg
Hines, Espinoza and Wilson	Stockholm
Gomez-Dunn	Paris
Robinson, Moore and Turner	Paris
Cox-Martin	Rome
Jackson-Edwards	Rome
Sanders-King	Brussels
Roach, Gomez and Edwards	Manchester
Newman, Blair and Alvarez	Manchester
Rodriguez-Hernandez	Rome
West LLC	Berlin
Adams, Knight and Pierce	Rome
Johnson-Gallegos	Madrid
Anderson-Bennett	Berlin
Wade-Murphy	Brussels
Flynn Group	Brussels
Dyer, Perkins and Vega	Lisbon
Jones, Hines and Crawford	Brussels
