Three-Dimensional Image Processing, Measurement (3DIPM), and Applications
ACM Southeast Regional Conference
HPC Asia
KEG@AAAI
ANTS
AUTOMATION
CD-ARES
ACSW
ICEC
SafeAI@AAAI
AAAI Spring Symposium - Towards Conscious AI Systems
ACE
3DTV-Conference
Conference on Designing Interactive Systems
ICCI*CC
SCC
3PGCIC
5GWN
CEP
HM
ASP-DAC
CT-RSA
ENTER
ICLA
CIDR
CTIC
EGC
3DV
CALDAM
COMAD/CODS
5G World Forum
IEEE CLOUD
3D Image Processing, Measurement (3DIPM), and Applications
CCA
Advances in Computer Entertainment
ANALCO
IEEE ANTS
ALENEX
ICDCIT
3DOR
PACT
3DIC
3DUI
CC
CPP
Bildverarbeitung f√ºr die Medizin
ITCS
ICDCN
ARES
ICIS
